"key","original","translation","resource_Id","sorting"
"ACHIEVEMENT_INFO_450","クエスト「横たわる神」クリア","Complete 「The Lying God」",0,1
"ACHIEVEMENT_INFO_519","クエスト「異界の戦士」クリア","Complete 「The Otherworldly Warrior」",0,2
"ACHIEVEMENT_INFO_520","クエスト「湯煙の館」クリア","Complete 「The House of Steam」",0,3
"ACHIEVEMENT_INFO_521","クエスト「神の目覚め」クリア","Complete 「The Awakening of God」",0,4
"ACHIEVEMENT_INFO_522","クエスト「闇を纏う娘」クリア","Complete 「闇を纏う娘」",0,5
"ACHIEVEMENT_INFO_523","クエスト「命の行方」クリア","Complete 「命の行方」",0,6
"ACHIEVEMENT_INFO_528","ボードクエスト（討伐）を初めてクリア","Clear your first （討伐） Quest Board",0,7
"ACHIEVEMENT_INFO_529","ボードクエスト（討伐）を30回クリア","Clear 30 （討伐） Quest Board",0,8
"ACHIEVEMENT_INFO_530","ボードクエスト（討伐）を100回クリア","Clear 100 （討伐） Quest Board",0,9
"ACHIEVEMENT_INFO_531","ボードクエスト（討伐）を300回クリア","Clear 300 （討伐） Quest Board",0,10
"ACHIEVEMENT_INFO_532","ボードクエスト（討伐）を600回クリア","Clear 600 （討伐） Quest Board",0,11
"ACHIEVEMENT_INFO_533","ボードクエスト（納品）を初めてクリア","Clear your first （納品） Quest Board",0,12
"ACHIEVEMENT_INFO_534","ボードクエスト（納品）を30回クリア","Clear 30 （納品） Quest Board",0,13
"ACHIEVEMENT_INFO_535","ボードクエスト（納品）を100回クリア","Clear 100 （納品） Quest Board",0,14
"ACHIEVEMENT_INFO_536","ボードクエスト（納品）を300回クリア","Clear 300 （納品） Quest Board",0,15
"ACHIEVEMENT_INFO_537","ボードクエスト（納品）を600回クリア","Clear 600 （納品） Quest Board",0,16
"ACHIEVEMENT_INFO_538","ワールドクエスト（未公開）を初めてクリア","Clear your first （未公開） World Quests",0,17
"ACHIEVEMENT_INFO_539","ワールドクエスト（未公開）を10回クリア","Clear 10 （未公開） World Quests",0,18
"ACHIEVEMENT_INFO_540","ワールドクエスト（未公開）を50回クリア","Clear 50 （未公開） World Quests",0,19
"ACHIEVEMENT_INFO_1292","ワールドクエスト（未公開）を100回クリア","Clear 100 （未公開） World Quests",0,20
"ACHIEVEMENT_INFO_541","ワールドクエスト（公開）を初めてクリア","Clear your first （公開） World Quest",0,21
"ACHIEVEMENT_INFO_542","ワールドクエスト（公開）を10回クリア","Clear 10 （公開） World Quests",0,22
"ACHIEVEMENT_INFO_543","ワールドクエスト（公開）を100回クリア","Clear 100 （公開） World Quests",0,23
"ACHIEVEMENT_INFO_544","ワールドクエスト（公開）を300回クリア","Clear 300 （公開） World Quests",0,24
"ACHIEVEMENT_INFO_582","敵を総計100体討伐","Kill 100 total enemies",0,25
"ACHIEVEMENT_INFO_583","敵を総計300体討伐","Kill 300 total enemies",0,26
"ACHIEVEMENT_INFO_584","敵を総計1000体討伐","Kill 1 000 total enemies",0,27
"ACHIEVEMENT_INFO_585","敵を総計10000体討伐","Kill 10 000 total enemies",0,28
"ACHIEVEMENT_INFO_1295","敵を総計20000体討伐","Kill 20 000 total enemies",0,29
"ACHIEVEMENT_INFO_1296","敵を総計30000体討伐","Kill 30 000 total enemies",0,30
"ACHIEVEMENT_INFO_590","《ゴブリン》系エネミーを50体討伐","Kill 50 《Goblin》",0,31
"ACHIEVEMENT_INFO_591","《ゴブリン》系エネミーを200体討伐","Kill 200 《Goblin》",0,32
"ACHIEVEMENT_INFO_592","《ゴブリン》系エネミーを500体討伐","Kill 500 《Goblin》",0,33
"ACHIEVEMENT_INFO_608","《ホブゴブリン》系エネミーを30体討伐","Kill 30 《Hobgoblin》",0,34
"ACHIEVEMENT_INFO_609","《ホブゴブリン》系エネミーを100体討伐","Kill 100 《Hobgoblin》",0,35
"ACHIEVEMENT_INFO_610","《ホブゴブリン》系エネミーを300体討伐","Kill 300 《Hobgoblin》",0,36
"ACHIEVEMENT_INFO_863","《フォレストゴブリン》系エネミーを50体討伐","Kill 50 《Forest Goblin》",0,37
"ACHIEVEMENT_INFO_864","《フォレストゴブリン》系エネミーを200体討伐","Kill 200 《Forest Goblin》",0,38
"ACHIEVEMENT_INFO_865","《フォレストゴブリン》系エネミーを500体討伐","Kill 500 《Forest Goblin》",0,39
"ACHIEVEMENT_INFO_872","《レッドキャップ》系エネミーを30体討伐","Kill 30 《Redcap》",0,40
"ACHIEVEMENT_INFO_873","《レッドキャップ》系エネミーを100体討伐","Kill 100 《Redcap》",0,41
"ACHIEVEMENT_INFO_874","《レッドキャップ》系エネミーを300体討伐","Kill 300 《Redcap》",0,42
"ACHIEVEMENT_INFO_881","《錬魔ゴブリン》系エネミーを50体討伐","Kill 50 《錬魔ゴブリン》",0,43
"ACHIEVEMENT_INFO_882","《錬魔ゴブリン》系エネミーを200体討伐","Kill 200 《錬魔ゴブリン》",0,44
"ACHIEVEMENT_INFO_883","《錬魔ゴブリン》系エネミーを500体討伐","Kill 500 《錬魔ゴブリン》",0,45
"ACHIEVEMENT_INFO_623","《ウルフ》系エネミーを50体討伐","Kill 50 《Wolf》",0,46
"ACHIEVEMENT_INFO_624","《ウルフ》系エネミーを200体討伐","Kill 200 《Wolf》",0,47
"ACHIEVEMENT_INFO_625","《ウルフ》系エネミーを500体討伐","Kill 500 《Wolf》",0,48
"ACHIEVEMENT_INFO_629","グリムワーグを50体討伐","Kill 50 Grim Wargs ",0,49
"ACHIEVEMENT_INFO_630","グリムワーグを100体討伐","Kill 100 Grim Wargs ",0,50
"ACHIEVEMENT_INFO_631","グリムワーグを300体討伐","Kill 300 Grim Wargs ",0,51
"ACHIEVEMENT_INFO_635","《錬魔オオカミ》系エネミーを50体討伐","Kill 50 《錬魔オオカミ》",0,52
"ACHIEVEMENT_INFO_636","《錬魔オオカミ》系エネミーを100体討伐","Kill 100 《錬魔オオカミ》",0,53
"ACHIEVEMENT_INFO_637","《錬魔オオカミ》系エネミーを300体討伐","Kill 300 《錬魔オオカミ》",0,54
"ACHIEVEMENT_INFO_641","《スケルトン》系エネミーを50体討伐","Kill 50 《Skeleton》",0,55
"ACHIEVEMENT_INFO_642","《スケルトン》系エネミーを300体討伐","Kill 300 《Skeleton》",0,56
"ACHIEVEMENT_INFO_643","《スケルトン》系エネミーを1000体討伐","Kill 1000 《Skeleton》",0,57
"ACHIEVEMENT_INFO_668","スケルトンアルケミーを30体討伐","Kill 30 Alchemic Skeletons",0,58
"ACHIEVEMENT_INFO_669","スケルトンアルケミーを100体討伐","Kill 100 Alchemic Skeletons",0,59
"ACHIEVEMENT_INFO_670","スケルトンアルケミーを300体討伐","Kill 300 Alchemic Skeletons",0,60
"ACHIEVEMENT_INFO_671","《リザードマン》系エネミーを30体討伐","Kill 30 《Saurian》",0,61
"ACHIEVEMENT_INFO_672","《リザードマン》系エネミーを100体討伐","Kill 100 《Saurian》",0,62
"ACHIEVEMENT_INFO_673","《リザードマン》系エネミーを300体討伐","Kill 300 《Saurian》",0,63
"ACHIEVEMENT_INFO_677","《サルファーリザード》系エネミーを30体討伐","Kill 30 《Sulfur Saurian》",0,64
"ACHIEVEMENT_INFO_678","《サルファーリザード》系エネミーを100体討伐","Kill 100 《Sulfur Saurian》",0,65
"ACHIEVEMENT_INFO_679","《サルファーリザード》系エネミーを300体討伐","Kill 300 《Sulfur Saurian》",0,66
"ACHIEVEMENT_INFO_683","《ロックリザード》系エネミーを30体討伐","Kill 30 《Rock Saurian》",0,67
"ACHIEVEMENT_INFO_684","《ロックリザード》系エネミーを100体討伐","Kill 100 《Rock Saurian》",0,68
"ACHIEVEMENT_INFO_685","《ロックリザード》系エネミーを300体討伐","Kill 300 《Rock Saurian》",0,69
"ACHIEVEMENT_INFO_689","ブルーニュートを30体討伐","Kill 30 Blue Newts ",0,70
"ACHIEVEMENT_INFO_690","ブルーニュートを100体討伐","Kill 100 Blue Newts ",0,71
"ACHIEVEMENT_INFO_691","ブルーニュートを300体討伐","Kill 300 Blue Newts ",0,72
"ACHIEVEMENT_INFO_692","《アンデッド》系エネミーを50体討伐","Kill 50 《Undead》",0,73
"ACHIEVEMENT_INFO_693","《アンデッド》系エネミーを200体討伐","Kill 200 《Undead》",0,74
"ACHIEVEMENT_INFO_694","《アンデッド》系エネミーを500体討伐","Kill 500 《Undead》",0,75
"ACHIEVEMENT_INFO_707","《液状人形》系エネミーを50体討伐","Kill 50 《Liquid Puppet》",0,76
"ACHIEVEMENT_INFO_708","《液状人形》系エネミーを200体討伐","Kill 200 《Liquid Puppet》",0,77
"ACHIEVEMENT_INFO_709","《液状人形》系エネミーを500体討伐","Kill 500 《Liquid Puppet》",0,78
"ACHIEVEMENT_INFO_713","《コープス》系エネミーを30体討伐","Kill 30 《Corpse》",0,79
"ACHIEVEMENT_INFO_714","《コープス》系エネミーを100体討伐","Kill 100 《Corpse》",0,80
"ACHIEVEMENT_INFO_715","《コープス》系エネミーを300体討伐","Kill 300 《Corpse》",0,81
"ACHIEVEMENT_INFO_719","《ハーピー》系エネミーを50体討伐","Kill 50 《Harpy》",0,82
"ACHIEVEMENT_INFO_720","《ハーピー》系エネミーを200体討伐","Kill 200 《Harpy》",0,83
"ACHIEVEMENT_INFO_721","《ハーピー》系エネミーを500体討伐","Kill 500 《Harpy》",0,84
"ACHIEVEMENT_INFO_731","《地蟲》系エネミーを50体討伐","Kill 50 《地蟲》",0,85
"ACHIEVEMENT_INFO_732","《地蟲》系エネミーを100体討伐","Kill 100 《地蟲》",0,86
"ACHIEVEMENT_INFO_733","《地蟲》系エネミーを300体討伐","Kill 300 《地蟲》",0,87
"ACHIEVEMENT_INFO_914","キラービーを50体討伐","Kill 50 Killer Bees",0,88
"ACHIEVEMENT_INFO_915","キラービーを200体討伐","Kill 200 Killer Bees",0,89
"ACHIEVEMENT_INFO_916","キラービーを500体討伐","Kill 500 Killer Bees",0,90
"ACHIEVEMENT_INFO_737","《スライム》系エネミーを50体討伐","Kill 50 《Slime》",0,91
"ACHIEVEMENT_INFO_738","《スライム》系エネミーを100体討伐","Kill 100 《Slime》",0,92
"ACHIEVEMENT_INFO_739","《スライム》系エネミーを300体討伐","Kill 300 《Slime》",0,93
"ACHIEVEMENT_INFO_794","《ローグ》系エネミーを30体討伐","Kill 30 《Rogue》",0,94
"ACHIEVEMENT_INFO_795","《ローグ》系エネミーを100体討伐","Kill 100 《Rogue》",0,95
"ACHIEVEMENT_INFO_796","《ローグ》系エネミーを300体討伐","Kill 300 《Rogue》",0,96
"ACHIEVEMENT_INFO_818","《ミストマン》系エネミーを30体討伐","Kill 30 《ミストマン》",0,97
"ACHIEVEMENT_INFO_819","《ミストマン》系エネミーを100体討伐","Kill 100 《ミストマン》",0,98
"ACHIEVEMENT_INFO_820","《ミストマン》系エネミーを300体討伐","Kill 300 《ミストマン》",0,99
"ACHIEVEMENT_INFO_836","《呪縛ポーン》系エネミーを30体討伐","Kill 30 《Cursed Bone》",0,100
"ACHIEVEMENT_INFO_837","《呪縛ポーン》系エネミーを100体討伐","Kill 100 《Cursed Bone》",0,101
"ACHIEVEMENT_INFO_838","《呪縛ポーン》系エネミーを300体討伐","Kill 300 《Cursed Bone》",0,102
"ACHIEVEMENT_INFO_917","《サイクロプス》系エネミーを10体討伐","Kill 10 《Cyclops》",0,103
"ACHIEVEMENT_INFO_918","《サイクロプス》系エネミーを50体討伐","Kill 50 《Cyclops》",0,104
"ACHIEVEMENT_INFO_919","《サイクロプス》系エネミーを100体討伐","Kill 100 《Cyclops》",0,105
"ACHIEVEMENT_INFO_929","コロッサスを10体討伐","Kill 10 Colossuses ",0,106
"ACHIEVEMENT_INFO_930","コロッサスを30体討伐","Kill 30 Colossuses ",0,107
"ACHIEVEMENT_INFO_931","コロッサスを100体討伐","Kill 100 Colossuses ",0,108
"ACHIEVEMENT_INFO_935","エントを10体討伐","Kill 10 Ents",0,109
"ACHIEVEMENT_INFO_936","エントを30体討伐","Kill 30 Ents",0,110
"ACHIEVEMENT_INFO_937","エントを100体討伐","Kill 100 Ents",0,111
"ACHIEVEMENT_INFO_1297","グランエントを10体討伐","Kill 10 Grand Ents",0,112
"ACHIEVEMENT_INFO_1298","グランエントを30体討伐","Kill 30 Grand Ents",0,113
"ACHIEVEMENT_INFO_1299","グランエントを100体討伐","Kill 100 Grand Ents",0,114
"ACHIEVEMENT_INFO_938","《トロール》系エネミーを30体討伐","Kill 30 《Troll》 ",0,115
"ACHIEVEMENT_INFO_939","《トロール》系エネミーを50体討伐","Kill 50 《Troll》 ",0,116
"ACHIEVEMENT_INFO_940","《トロール》系エネミーを100体討伐","Kill 100 《Troll》 ",0,117
"ACHIEVEMENT_INFO_944","ゴーレムを10体討伐","Kill 10 Golems",0,118
"ACHIEVEMENT_INFO_945","ゴーレムを30体討伐","Kill 30 Golems",0,119
"ACHIEVEMENT_INFO_946","ゴーレムを100体討伐","Kill 100 Golems",0,120
"ACHIEVEMENT_INFO_956","キメラを10体討伐","Kill 10 Chimeras",0,121
"ACHIEVEMENT_INFO_957","キメラを30体討伐","Kill 30 Chimeras",0,122
"ACHIEVEMENT_INFO_958","キメラを100体討伐","Kill 100 Chimeras",0,123
"ACHIEVEMENT_INFO_959","ホワイトキメラを10体討伐","Kill 10 White Chimeras",0,124
"ACHIEVEMENT_INFO_960","ホワイトキメラを30体討伐","Kill 30 White Chimeras",0,125
"ACHIEVEMENT_INFO_961","ホワイトキメラを100体討伐","Kill 100 White Chimeras",0,126
"ACHIEVEMENT_INFO_965","グリフィンを10体討伐","Kill 10 Griffins",0,127
"ACHIEVEMENT_INFO_966","グリフィンを30体討伐","Kill 30 Griffins",0,128
"ACHIEVEMENT_INFO_967","グリフィンを100体討伐","Kill 100 Griffins",0,129
"ACHIEVEMENT_INFO_968","コカトリスを10体討伐","Kill 10 Cockatrix",0,130
"ACHIEVEMENT_INFO_969","コカトリスを30体討伐","Kill 30 Cockatrix",0,131
"ACHIEVEMENT_INFO_970","コカトリスを100体討伐","Kill 100 Cockatrix",0,132
"ACHIEVEMENT_INFO_971","スフィンクスを10体討伐","Kill 10 Sphinges",0,133
"ACHIEVEMENT_INFO_972","スフィンクスを30体討伐","Kill 30 Sphinges",0,134
"ACHIEVEMENT_INFO_973","スフィンクスを100体討伐","Kill 100 Sphinges",0,135
"ACHIEVEMENT_INFO_998","オーガを20体討伐","Kill 20 Ogres",0,136
"ACHIEVEMENT_INFO_999","オーガを50体討伐","Kill 50 Ogres",0,137
"ACHIEVEMENT_INFO_1000","オーガを100体討伐","Kill 100 Ogres",0,138
"ACHIEVEMENT_INFO_1001","《エイプ》系エネミーを30体討伐","Kill 30 《Ape》 ",0,139
"ACHIEVEMENT_INFO_1002","《エイプ》系エネミーを100体討伐","Kill 100 《Ape》 ",0,140
"ACHIEVEMENT_INFO_1003","《エイプ》系エネミーを200体討伐","Kill 200 《Ape》 ",0,141
"ACHIEVEMENT_INFO_1004","グールを20体討伐","Kill 20 Ghouls",0,142
"ACHIEVEMENT_INFO_1005","グールを50体討伐","Kill 50 Ghouls",0,143
"ACHIEVEMENT_INFO_1006","グールを100体討伐","Kill 100 Ghouls",0,144
"ACHIEVEMENT_INFO_1010","シルバーロアを20体討伐","Kill 20 Silver Apes",0,145
"ACHIEVEMENT_INFO_1011","シルバーロアを50体討伐","Kill 50 Silver Apes",0,146
"ACHIEVEMENT_INFO_1012","シルバーロアを100体討伐","Kill 100 Silver Apes",0,147
"ACHIEVEMENT_INFO_1013","ワイトを20体討伐","Kill 20 Wights",0,148
"ACHIEVEMENT_INFO_1014","ワイトを50体討伐","Kill 50 Wights",0,149
"ACHIEVEMENT_INFO_1015","ワイトを100体討伐","Kill 100 Wights",0,150
"ACHIEVEMENT_INFO_1016","ウィッチを20体討伐","Kill 20 Witches",0,151
"ACHIEVEMENT_INFO_1017","ウィッチを50体討伐","Kill 50 Witches",0,152
"ACHIEVEMENT_INFO_1018","ウィッチを100体討伐","Kill 100 Witches",0,153
"ACHIEVEMENT_INFO_1028","リンドブルムを10体討伐","Kill 10 Lindwurms",0,154
"ACHIEVEMENT_INFO_1029","リンドブルムを30体討伐","Kill 30 Lindwurms",0,155
"ACHIEVEMENT_INFO_1030","リンドブルムを100体討伐","Kill 100 Lindwurms",0,156
"ACHIEVEMENT_INFO_1031","アングルスを10体討伐","Kill 10 Angules",0,157
"ACHIEVEMENT_INFO_1032","アングルスを30体討伐","Kill 30 Angules",0,158
"ACHIEVEMENT_INFO_1033","アングルスを100体討伐","Kill 100 Angules",0,159
"ACHIEVEMENT_INFO_1034","ベヘモットを10体討伐","Kill 10 Behemoths",0,160
"ACHIEVEMENT_INFO_1035","ベヘモットを50体討伐","Kill 50 Behemoths",0,161
"ACHIEVEMENT_INFO_1036","ベヘモットを100体討伐","Kill 100 Behemoths",0,162
"ACHIEVEMENT_INFO_1043","《オーク》系エネミーを30体討伐","Kill 30 《Orc》 ",0,163
"ACHIEVEMENT_INFO_1044","《オーク》系エネミーを100体討伐","Kill 100 《Orc》 ",0,164
"ACHIEVEMENT_INFO_1045","《オーク》系エネミーを300体討伐","Kill 300 《Orc》 ",0,165
"ACHIEVEMENT_INFO_1061","《リーダーオーク》系エネミーを20体討伐","Kill 20 《Orc Leader》 ",0,166
"ACHIEVEMENT_INFO_1062","《リーダーオーク》系エネミーを50体討伐","Kill 50 《Orc Leader》 ",0,167
"ACHIEVEMENT_INFO_1063","《リーダーオーク》系エネミーを100体討伐","Kill 100 《Orc Leader》 ",0,168
"ACHIEVEMENT_INFO_1085","エルダードラゴンを1体討伐","Kill 1 Elder Dragon",0,169
"ACHIEVEMENT_INFO_1086","エルダードラゴンを5体討伐","Kill 5 Elder Dragons",0,170
"ACHIEVEMENT_INFO_1087","エルダードラゴンを10体討伐","Kill 10 Elder Dragons",0,171
"ACHIEVEMENT_INFO_1091","白竜にブラッドオーブを捧げ
覚者の体力値を初めて強化","Get your first Health upgrade by
offering Blood Orbs to the White Dragon",0,172
"ACHIEVEMENT_INFO_1092","白竜にブラッドオーブを捧げ
覚者の体力値を20回強化","Increase Health 20 times by
offering Blood Orbs to the White Dragon",0,173
"ACHIEVEMENT_INFO_1093","白竜にブラッドオーブを捧げ
覚者のスタミナ値を初めて強化","Get your first Stamina upgrade by
offering Blood Orbs to the White Dragon",0,174
"ACHIEVEMENT_INFO_1094","白竜にブラッドオーブを捧げ
覚者のスタミナ値を28回強化","Increase Stamina 28 times by
offering Blood Orbs to the White Dragon",0,175
"ACHIEVEMENT_INFO_1095","白竜にブラッドオーブを捧げ
覚者のアビリティコストを初めて強化","Get your first Ability Cost upgrade by
offering Blood Orbs to the White Dragon",0,176
"ACHIEVEMENT_INFO_1096","白竜にブラッドオーブを捧げ
覚者のアビリティコストを12回強化","Increase Ability Cost 12 times by
offering Blood Orbs to the White Dragon",0,177
"ACHIEVEMENT_INFO_1097","白竜にブラッドオーブを捧げ
メインポーン契約枠を初めて増加","Increase your main pawn contract limit for the first time
by offering Blood Orbs to the White Dragon",0,178
"ACHIEVEMENT_INFO_1098","白竜にブラッドオーブを捧げ
サポートポーン雇用枠を2回増加","Increase your main pawn contract limit 2 times
by offering Blood Orbs to the White Dragon",0,179
"ACHIEVEMENT_INFO_1099","ファイターのジョブレベルが
10に到達","Reach level 10 as a Fighter",0,180
"ACHIEVEMENT_INFO_1100","ファイターのジョブレベルが
40に到達","Reach level 40 as a Fighter",0,181
"ACHIEVEMENT_INFO_1102","ハンターのジョブレベルが
10に到達","Reach level 10 as a Hunter",0,182
"ACHIEVEMENT_INFO_1103","ハンターのジョブレベルが
40に到達","Reach level 40 as a Hunter",0,183
"ACHIEVEMENT_INFO_1105","プリーストのジョブレベルが
10に到達","Reach level 10 as a Priest",0,184
"ACHIEVEMENT_INFO_1106","プリーストのジョブレベルが
40に到達","Reach level 40 as a Priest",0,185
"ACHIEVEMENT_INFO_1108","シールドセージのジョブレベルが
10に到達","Reach level 10 as a Shield Sage",0,186
"ACHIEVEMENT_INFO_1109","シールドセージのジョブレベルが
40に到達","Reach level 40 as a Shield Sage",0,187
"ACHIEVEMENT_INFO_1111","シーカーのジョブレベルが
10に到達","Reach level 10 as a Seeker",0,188
"ACHIEVEMENT_INFO_1112","シーカーのジョブレベルが
40に到達","Reach level 40 as a Seeker",0,189
"ACHIEVEMENT_INFO_1114","ソーサラーのジョブレベルが
10に到達","Reach level 10 as a Sorcerer",0,190
"ACHIEVEMENT_INFO_1115","ソーサラーのジョブレベルが
40に到達","Reach level 40 as a Sorcerer",0,191
"ACHIEVEMENT_INFO_1117","エレメントアーチャーのジョブレベルが
10に到達","Reach level 10 as an Element Archer",0,192
"ACHIEVEMENT_INFO_1118","エレメントアーチャーのジョブレベルが
40に到達","Reach level 40 as an Element Archer",0,193
"ACHIEVEMENT_INFO_1133","カスタムスキルを10回
習得、またはレベルアップ","Learn or upgrade custom skills 10 times",0,194
"ACHIEVEMENT_INFO_1134","カスタムスキルを50回
習得、またはレベルアップ","Learn or upgrade custom skills 50 times",0,195
"ACHIEVEMENT_INFO_1135","カスタムスキルを100回
習得、またはレベルアップ","Learn or upgrade custom skills 100 times",0,196
"ACHIEVEMENT_INFO_1136","カスタムスキルを300回
習得、またはレベルアップ","Learn or upgrade custom skills 300 times",0,197
"ACHIEVEMENT_INFO_1137","アビリティを10回
習得、またはレベルアップ","Learn or upgrade abilities 10 times",0,198
"ACHIEVEMENT_INFO_1138","アビリティを100回
習得、またはレベルアップ","Learn or upgrade abilities 100 times",0,199
"ACHIEVEMENT_INFO_1139","アビリティを300回
習得、またはレベルアップ","Learn or upgrade abilities 300 times",0,200
"ACHIEVEMENT_INFO_1140","アビリティを500回
習得、またはレベルアップ","Learn or upgrade abilities 500 times",0,201
"ACHIEVEMENT_INFO_1143","サポートポーンを初めて雇用","Hire your first support pawn",0,202
"ACHIEVEMENT_INFO_1144","サポートポーンを累計30人雇用","Hire 30 support pawns",0,203
"ACHIEVEMENT_INFO_1145","サポートポーンを累計100人雇用","Hire 100 support pawns",0,204
"ACHIEVEMENT_INFO_1146","メインポーン（ファイター）の
ジョブレベルが10に到達","Have a main pawn reach
level 10 as a Fighter",0,205
"ACHIEVEMENT_INFO_1147","メインポーン（ファイター）の
ジョブレベルが40に到達","Have a main pawn reach
level 40 as a Fighter",0,206
"ACHIEVEMENT_INFO_1149","メインポーン（ハンター）の
ジョブレベルが10に到達","Have a main pawn reach
level 10 as a Hunter",0,207
"ACHIEVEMENT_INFO_1150","メインポーン（ハンター）の
ジョブレベルが40に到達","Have a main pawn reach
level 40 as a Hunter",0,208
"ACHIEVEMENT_INFO_1152","メインポーン（プリースト）の
ジョブレベルが10に到達","Have a main pawn reach
level 10 as a Priest",0,209
"ACHIEVEMENT_INFO_1153","メインポーン（プリースト）の
ジョブレベルが40に到達","Have a main pawn reach
level 40 as a Priest",0,210
"ACHIEVEMENT_INFO_1155","メインポーン（シールドセージ）の
ジョブレベルが10に到達","Have a main pawn reach
level 10 as a Shield Sage",0,211
"ACHIEVEMENT_INFO_1156","メインポーン（シールドセージ）の
ジョブレベルが40に到達","Have a main pawn reach
level 40 as a Shield Sage",0,212
"ACHIEVEMENT_INFO_1158","メインポーン（ソーサラー）の
ジョブレベルが10に到達","Have a main pawn reach
level 10 as a Sorcerer",0,213
"ACHIEVEMENT_INFO_1159","メインポーン（ソーサラー）の
ジョブレベルが40に到達","Have a main pawn reach
level 40 as a Sorcerer",0,214
"ACHIEVEMENT_INFO_1161","メインポーン（シーカー）の
ジョブレベルが10に到達","Have a main pawn reach
level 10 as a Seeker",0,215
"ACHIEVEMENT_INFO_1162","メインポーン（シーカー）の
ジョブレベルが40に到達","Have a main pawn reach
level 40 as a Seeker",0,216
"ACHIEVEMENT_INFO_1164","メインポーン（エレメントアーチャー）の
ジョブレベルが10に到達","Have a main pawn reach
level 10 as an Element Archer",0,217
"ACHIEVEMENT_INFO_1165","メインポーン（エレメントアーチャー）の
ジョブレベルが40に到達","Have a main pawn reach level 40 as an Element Archer",0,218
"ACHIEVEMENT_INFO_1173","メインポーンのクラフトレベルが5に到達","Have a main pawn reach level 5 in crafting",0,219
"ACHIEVEMENT_INFO_1174","メインポーンのクラフトレベルが15に到達","Have a main pawn reach level 15 in crafting",0,220
"ACHIEVEMENT_INFO_1176","メインポーンがクラフトレベル8のクラフト昇格試験に合格","Enhance the grade of a crafting level 8 item",0,221
"ACHIEVEMENT_INFO_1177","メインポーンがクラフトレベル16のクラフト昇格試験に合格","Enhance the grade of a crafting level 16 item",0,222
"ACHIEVEMENT_INFO_1228","宝箱を10個開く","Open 10 chests",0,223
"ACHIEVEMENT_INFO_1229","宝箱を30個開く","Open 30 chests",0,224
"ACHIEVEMENT_INFO_1230","宝箱を100個開く","Open 100 chests",0,225
"ACHIEVEMENT_INFO_1231","茂み・草むらから10回採取","Collect 10 bushes or thickets",0,226
"ACHIEVEMENT_INFO_1232","茂み・草むらから30回採取","Collect 30 bushes or thickets",0,227
"ACHIEVEMENT_INFO_1233","茂み・草むらから100回採取","Collect 100 bushes or thickets",0,228
"ACHIEVEMENT_INFO_1234","鉱脈を10回採掘","Mine 10 veins",0,229
"ACHIEVEMENT_INFO_1235","鉱脈を30回採掘","Mine 30 veins",0,230
"ACHIEVEMENT_INFO_1236","鉱脈を100回採掘","Mine 100 veins",0,231
"ACHIEVEMENT_INFO_1237","倒木を10回伐採","Log 10 fallen trees",0,232
"ACHIEVEMENT_INFO_1238","倒木を30回伐採","Log 30 fallen trees",0,233
"ACHIEVEMENT_INFO_1239","倒木を100回伐採","Log 100 fallen trees",0,234
"ACHIEVEMENT_INFO_1243","クラフトにより武器を初めて作成","Craft your first weapon",0,235
"ACHIEVEMENT_INFO_1244","クラフトにより武器を30回作成","Craft 30 weapons",0,236
"ACHIEVEMENT_INFO_1245","クラフトにより武器を100回作成","Craft 100 weapons",0,237
"ACHIEVEMENT_INFO_1246","クラフトにより武器を300回作成","Craft 300 weapons",0,238
"ACHIEVEMENT_INFO_1247","クラフトにより防具を初めて作成","Craft your first piece of armor",0,239
"ACHIEVEMENT_INFO_1248","クラフトにより防具を30回作成","Craft 30 pieces of armor",0,240
"ACHIEVEMENT_INFO_1249","クラフトにより防具を100回作成","Craft 100 pieces of armor",0,241
"ACHIEVEMENT_INFO_1250","クラフトにより防具を300回作成","Craft 300 pieces of armor",0,242
"ACHIEVEMENT_INFO_1251","クラフトにより道具・素材を初めて作成","Craft your first tool or raw material",0,243
"ACHIEVEMENT_INFO_1252","クラフトにより道具・素材を30回作成","Craft 30 tools or raw materials",0,244
"ACHIEVEMENT_INFO_1253","クラフトにより道具・素材を100回作成","Craft 100 tools or raw materials",0,245
"ACHIEVEMENT_INFO_1254","クラフトにより武器を10種作成","Craft 10 different weapons",0,246
"ACHIEVEMENT_INFO_1255","クラフトにより武器を100種作成","Craft 100 different weapons",0,247
"ACHIEVEMENT_INFO_1256","クラフトにより武器を200種作成","Craft 200 different weapons",0,248
"ACHIEVEMENT_INFO_1258","クラフトにより防具を30種作成","Craft 30 different pieces of armor",0,249
"ACHIEVEMENT_INFO_1259","クラフトにより防具を100種作成","Craft 100 different pieces of armor",0,250
"ACHIEVEMENT_INFO_1260","クラフトにより防具を300種作成","Craft 300 different pieces of armor",0,251
"ACHIEVEMENT_INFO_1261","クラフトにより防具を500種作成","Craft 500 different pieces of armor",0,252
"ACHIEVEMENT_INFO_1262","クラフトでグレード(★2)の強化に初めて成功","Enhance an item to grade 2",0,253
"ACHIEVEMENT_INFO_1263","クラフトでグレード(★2)の強化に10回成功","Enhance 10 items to grade 2",0,254
"ACHIEVEMENT_INFO_1264","クラフトでグレード(★3)の強化に初めて成功","Enhance an item to grade 3",0,255
"ACHIEVEMENT_INFO_1265","クラフトでグレード(★3)の強化に10回成功","Enhance 10 items to grade 3",0,256
"ACHIEVEMENT_INFO_1266","クラフトでグレード(★4)の強化に初めて成功","Enhance an item to grade 4",0,257
"ACHIEVEMENT_INFO_1267","クラフトでグレード(★4)の強化に10回成功","Enhance 10 items to grade 4",0,258
"ACHIEVEMENT_INFO_1276","クラフトによりクレストを初めて装着","Install your first crest",0,259
"ACHIEVEMENT_INFO_1277","クラフトによりクレストを100回装着","Install 100 crests",0,260
"ACHIEVEMENT_INFO_1278","クラフトにより装備のカラーを初めて変更","Change the color on a piece of equipment",0,261
"ACHIEVEMENT_INFO_1279","クラフトにより装備のカラーを100回変更","Change the color on 100 pieces of equipment",0,262
"ACHIEVEMENT_INFO_1073","ウサギを5体狩猟","Hunt 5 rabbits",0,263
"ACHIEVEMENT_INFO_1845","ウサギを10体狩猟","Hunt 10 rabbits",0,264
"ACHIEVEMENT_INFO_1846","ウサギを20体狩猟","Hunt 20 rabbits",0,265
"ACHIEVEMENT_INFO_1847","ウサギを50体狩猟","Hunt 50 rabbits",0,266
"ACHIEVEMENT_INFO_1848","ウサギを100体狩猟","Hunt 100 rabbits",0,267
"ACHIEVEMENT_INFO_1074","牛を5体狩猟","Hunt 5 oxen",0,268
"ACHIEVEMENT_INFO_1922","牛を10体狩猟","Hunt 10 oxen",0,269
"ACHIEVEMENT_INFO_1923","牛を20体狩猟","Hunt 20 oxen",0,270
"ACHIEVEMENT_INFO_1924","牛を50体狩猟","Hunt 50 oxen",0,271
"ACHIEVEMENT_INFO_1925","牛を100体狩猟","Hunt 100 oxen",0,272
"ACHIEVEMENT_INFO_1076","《シカ》系動物を5体狩猟","Hunt 5 《Deer》 animals",0,273
"ACHIEVEMENT_INFO_1926","《シカ》系動物を10体狩猟","Hunt 10 《Deer》 animals",0,274
"ACHIEVEMENT_INFO_1927","《シカ》系動物を20体狩猟","Hunt 20 《Deer》 animals",0,275
"ACHIEVEMENT_INFO_1928","《シカ》系動物を50体狩猟","Hunt 50 《Deer》 animals",0,276
"ACHIEVEMENT_INFO_1929","《シカ》系動物を100体狩猟","Hunt 100 《Deer》 animals",0,277
"ACHIEVEMENT_INFO_1077","《ブタ》系動物を5体狩猟","Hunt 5 《Pig》 animals",0,278
"ACHIEVEMENT_INFO_1930","《ブタ》系動物を10体狩猟","Hunt 10 《Pig》 animals",0,279
"ACHIEVEMENT_INFO_1931","《ブタ》系動物を20体狩猟","Hunt 20 《Pig》 animals",0,280
"ACHIEVEMENT_INFO_1932","《ブタ》系動物を50体狩猟","Hunt 50 《Pig》 animals",0,281
"ACHIEVEMENT_INFO_1933","《ブタ》系動物を100体狩猟","Hunt 100 《Pig》 animals",0,282
"ACHIEVEMENT_INFO_1079","カブトグモを5体狩猟","Hunt 5 Spiders",0,283
"ACHIEVEMENT_INFO_1934","カブトグモを10体狩猟","Hunt 10 Spiders",0,284
"ACHIEVEMENT_INFO_1935","カブトグモを20体狩猟","Hunt 20 Spiders",0,285
"ACHIEVEMENT_INFO_1936","カブトグモを50体狩猟","Hunt 50 Spiders",0,286
"ACHIEVEMENT_INFO_1937","カブトグモを100体狩猟","Hunt 100 Spiders",0,287
"ACHIEVEMENT_INFO_1081","オオネズミを5体狩猟","Hunt 5 Giant Rats",0,288
"ACHIEVEMENT_INFO_1938","オオネズミを10体狩猟","Hunt 10 Giant Rats",0,289
"ACHIEVEMENT_INFO_1939","オオネズミを20体狩猟","Hunt 20 Giant Rats",0,290
"ACHIEVEMENT_INFO_1940","オオネズミを50体狩猟","Hunt 50 Giant Rats",0,291
"ACHIEVEMENT_INFO_1941","オオネズミを100体狩猟","Hunt 100 Giant Rats",0,292
"ACHIEVEMENT_INFO_1291","フォトモードで100回撮影","Take 100 photos in Photo Mode",0,293
"ACHIEVEMENT_INFO_1312","ファイターのジョブレベルが2になった","Reach level 2 as a Fighter",0,294
"ACHIEVEMENT_INFO_1313","ファイターのジョブレベルが3になった","Reach level 3 as a Fighter",0,295
"ACHIEVEMENT_INFO_1314","ファイターのジョブレベルが4になった","Reach level 4 as a Fighter",0,296
"ACHIEVEMENT_INFO_1315","ファイターのジョブレベルが5になった","Reach level 5 as a Fighter",0,297
"ACHIEVEMENT_INFO_1316","ファイターのジョブレベルが6になった","Reach level 6 as a Fighter",0,298
"ACHIEVEMENT_INFO_1317","ファイターのジョブレベルが7になった","Reach level 7 as a Fighter",0,299
"ACHIEVEMENT_INFO_1318","ファイターのジョブレベルが8になった","Reach level 8 as a Fighter",0,300
"ACHIEVEMENT_INFO_1319","ファイターのジョブレベルが9になった","Reach level 9 as a Fighter",0,301
"ACHIEVEMENT_INFO_1320","ファイターのジョブレベルが10になった","Reach level 10 as a Fighter",0,302
"ACHIEVEMENT_INFO_1321","ファイターのジョブレベルが11になった","Reach level 11 as a Fighter",0,303
"ACHIEVEMENT_INFO_1322","ファイターのジョブレベルが12になった","Reach level 12 as a Fighter",0,304
"ACHIEVEMENT_INFO_1323","ファイターのジョブレベルが13になった","Reach level 13 as a Fighter",0,305
"ACHIEVEMENT_INFO_1324","ファイターのジョブレベルが14になった","Reach level 14 as a Fighter",0,306
"ACHIEVEMENT_INFO_1325","ファイターのジョブレベルが15になった","Reach level 15 as a Fighter",0,307
"ACHIEVEMENT_INFO_1326","ファイターのジョブレベルが16になった","Reach level 16 as a Fighter",0,308
"ACHIEVEMENT_INFO_1327","ファイターのジョブレベルが17になった","Reach level 17 as a Fighter",0,309
"ACHIEVEMENT_INFO_1328","ファイターのジョブレベルが18になった","Reach level 18 as a Fighter",0,310
"ACHIEVEMENT_INFO_1329","ファイターのジョブレベルが19になった","Reach level 19 as a Fighter",0,311
"ACHIEVEMENT_INFO_1330","ファイターのジョブレベルが20になった","Reach level 20 as a Fighter",0,312
"ACHIEVEMENT_INFO_1331","ファイターのジョブレベルが21になった","Reach level 21 as a Fighter",0,313
"ACHIEVEMENT_INFO_1332","ファイターのジョブレベルが22になった","Reach level 22 as a Fighter",0,314
"ACHIEVEMENT_INFO_1333","ファイターのジョブレベルが23になった","Reach level 23 as a Fighter",0,315
"ACHIEVEMENT_INFO_1334","ファイターのジョブレベルが24になった","Reach level 24 as a Fighter",0,316
"ACHIEVEMENT_INFO_1335","ファイターのジョブレベルが25になった","Reach level 25 as a Fighter",0,317
"ACHIEVEMENT_INFO_1336","ファイターのジョブレベルが26になった","Reach level 26 as a Fighter",0,318
"ACHIEVEMENT_INFO_1337","ファイターのジョブレベルが27になった","Reach level 27 as a Fighter",0,319
"ACHIEVEMENT_INFO_1338","ファイターのジョブレベルが28になった","Reach level 28 as a Fighter",0,320
"ACHIEVEMENT_INFO_1339","ファイターのジョブレベルが29になった","Reach level 29 as a Fighter",0,321
"ACHIEVEMENT_INFO_1340","ファイターのジョブレベルが30になった","Reach level 30 as a Fighter",0,322
"ACHIEVEMENT_INFO_1341","ファイターのジョブレベルが31になった","Reach level 31 as a Fighter",0,323
"ACHIEVEMENT_INFO_1342","ファイターのジョブレベルが32になった","Reach level 32 as a Fighter",0,324
"ACHIEVEMENT_INFO_1343","ファイターのジョブレベルが33になった","Reach level 33 as a Fighter",0,325
"ACHIEVEMENT_INFO_1344","ファイターのジョブレベルが34になった","Reach level 34 as a Fighter",0,326
"ACHIEVEMENT_INFO_1345","ファイターのジョブレベルが35になった","Reach level 35 as a Fighter",0,327
"ACHIEVEMENT_INFO_1346","ファイターのジョブレベルが36になった","Reach level 36 as a Fighter",0,328
"ACHIEVEMENT_INFO_1347","ファイターのジョブレベルが37になった","Reach level 37 as a Fighter",0,329
"ACHIEVEMENT_INFO_1348","ファイターのジョブレベルが38になった","Reach level 38 as a Fighter",0,330
"ACHIEVEMENT_INFO_1349","ファイターのジョブレベルが39になった","Reach level 39 as a Fighter",0,331
"ACHIEVEMENT_INFO_1350","ファイターのジョブレベルが40になった","Reach level 40 as a Fighter",0,332
"ACHIEVEMENT_INFO_1351","ファイターのジョブレベルが41になった","Reach level 41 as a Fighter",0,333
"ACHIEVEMENT_INFO_1352","ファイターのジョブレベルが42になった","Reach level 42 as a Fighter",0,334
"ACHIEVEMENT_INFO_1353","ファイターのジョブレベルが43になった","Reach level 43 as a Fighter",0,335
"ACHIEVEMENT_INFO_1354","ファイターのジョブレベルが44になった","Reach level 44 as a Fighter",0,336
"ACHIEVEMENT_INFO_1355","ファイターのジョブレベルが45になった","Reach level 45 as a Fighter",0,337
"ACHIEVEMENT_INFO_1356","ファイターのジョブレベルが46になった","Reach level 46 as a Fighter",0,338
"ACHIEVEMENT_INFO_1357","ファイターのジョブレベルが47になった","Reach level 47 as a Fighter",0,339
"ACHIEVEMENT_INFO_1358","ファイターのジョブレベルが48になった","Reach level 48 as a Fighter",0,340
"ACHIEVEMENT_INFO_1359","ファイターのジョブレベルが49になった","Reach level 49 as a Fighter",0,341
"ACHIEVEMENT_INFO_1360","ファイターのジョブレベルが50になった","Reach level 50 as a Fighter",0,342
"ACHIEVEMENT_INFO_1361","ファイターのジョブレベルが51になった","Reach level 51 as a Fighter",0,343
"ACHIEVEMENT_INFO_1362","ファイターのジョブレベルが52になった","Reach level 52 as a Fighter",0,344
"ACHIEVEMENT_INFO_1363","ファイターのジョブレベルが53になった","Reach level 53 as a Fighter",0,345
"ACHIEVEMENT_INFO_1364","ファイターのジョブレベルが54になった","Reach level 54 as a Fighter",0,346
"ACHIEVEMENT_INFO_1365","ファイターのジョブレベルが55になった","Reach level 55 as a Fighter",0,347
"ACHIEVEMENT_INFO_1366","ファイターのジョブレベルが56になった","Reach level 56 as a Fighter",0,348
"ACHIEVEMENT_INFO_1367","ファイターのジョブレベルが57になった","Reach level 57 as a Fighter",0,349
"ACHIEVEMENT_INFO_1368","ファイターのジョブレベルが58になった","Reach level 58 as a Fighter",0,350
"ACHIEVEMENT_INFO_1369","ファイターのジョブレベルが59になった","Reach level 59 as a Fighter",0,351
"ACHIEVEMENT_INFO_1370","ファイターのジョブレベルが60になった","Reach level 60 as a Fighter",0,352
"ACHIEVEMENT_INFO_1607","シーカーのジョブレベルが2になった","Reach level 2 as a Seeker",0,353
"ACHIEVEMENT_INFO_1608","シーカーのジョブレベルが3になった","Reach level 3 as a Seeker",0,354
"ACHIEVEMENT_INFO_1609","シーカーのジョブレベルが4になった","Reach level 4 as a Seeker",0,355
"ACHIEVEMENT_INFO_1610","シーカーのジョブレベルが5になった","Reach level 5 as a Seeker",0,356
"ACHIEVEMENT_INFO_1611","シーカーのジョブレベルが6になった","Reach level 6 as a Seeker",0,357
"ACHIEVEMENT_INFO_1612","シーカーのジョブレベルが7になった","Reach level 7 as a Seeker",0,358
"ACHIEVEMENT_INFO_1613","シーカーのジョブレベルが8になった","Reach level 8 as a Seeker",0,359
"ACHIEVEMENT_INFO_1614","シーカーのジョブレベルが9になった","Reach level 9 as a Seeker",0,360
"ACHIEVEMENT_INFO_1615","シーカーのジョブレベルが10になった","Reach level 10 as a Seeker",0,361
"ACHIEVEMENT_INFO_1616","シーカーのジョブレベルが11になった","Reach level 11 as a Seeker",0,362
"ACHIEVEMENT_INFO_1617","シーカーのジョブレベルが12になった","Reach level 12 as a Seeker",0,363
"ACHIEVEMENT_INFO_1618","シーカーのジョブレベルが13になった","Reach level 13 as a Seeker",0,364
"ACHIEVEMENT_INFO_1619","シーカーのジョブレベルが14になった","Reach level 14 as a Seeker",0,365
"ACHIEVEMENT_INFO_1620","シーカーのジョブレベルが15になった","Reach level 15 as a Seeker",0,366
"ACHIEVEMENT_INFO_1621","シーカーのジョブレベルが16になった","Reach level 16 as a Seeker",0,367
"ACHIEVEMENT_INFO_1622","シーカーのジョブレベルが17になった","Reach level 17 as a Seeker",0,368
"ACHIEVEMENT_INFO_1623","シーカーのジョブレベルが18になった","Reach level 18 as a Seeker",0,369
"ACHIEVEMENT_INFO_1624","シーカーのジョブレベルが19になった","Reach level 19 as a Seeker",0,370
"ACHIEVEMENT_INFO_1625","シーカーのジョブレベルが20になった","Reach level 20 as a Seeker",0,371
"ACHIEVEMENT_INFO_1626","シーカーのジョブレベルが21になった","Reach level 21 as a Seeker",0,372
"ACHIEVEMENT_INFO_1627","シーカーのジョブレベルが22になった","Reach level 22 as a Seeker",0,373
"ACHIEVEMENT_INFO_1628","シーカーのジョブレベルが23になった","Reach level 23 as a Seeker",0,374
"ACHIEVEMENT_INFO_1629","シーカーのジョブレベルが24になった","Reach level 24 as a Seeker",0,375
"ACHIEVEMENT_INFO_1630","シーカーのジョブレベルが25になった","Reach level 25 as a Seeker",0,376
"ACHIEVEMENT_INFO_1631","シーカーのジョブレベルが26になった","Reach level 26 as a Seeker",0,377
"ACHIEVEMENT_INFO_1632","シーカーのジョブレベルが27になった","Reach level 27 as a Seeker",0,378
"ACHIEVEMENT_INFO_1633","シーカーのジョブレベルが28になった","Reach level 28 as a Seeker",0,379
"ACHIEVEMENT_INFO_1634","シーカーのジョブレベルが29になった","Reach level 29 as a Seeker",0,380
"ACHIEVEMENT_INFO_1635","シーカーのジョブレベルが30になった","Reach level 30 as a Seeker",0,381
"ACHIEVEMENT_INFO_1636","シーカーのジョブレベルが31になった","Reach level 31 as a Seeker",0,382
"ACHIEVEMENT_INFO_1637","シーカーのジョブレベルが32になった","Reach level 32 as a Seeker",0,383
"ACHIEVEMENT_INFO_1638","シーカーのジョブレベルが33になった","Reach level 33 as a Seeker",0,384
"ACHIEVEMENT_INFO_1639","シーカーのジョブレベルが34になった","Reach level 34 as a Seeker",0,385
"ACHIEVEMENT_INFO_1640","シーカーのジョブレベルが35になった","Reach level 35 as a Seeker",0,386
"ACHIEVEMENT_INFO_1641","シーカーのジョブレベルが36になった","Reach level 36 as a Seeker",0,387
"ACHIEVEMENT_INFO_1642","シーカーのジョブレベルが37になった","Reach level 37 as a Seeker",0,388
"ACHIEVEMENT_INFO_1643","シーカーのジョブレベルが38になった","Reach level 38 as a Seeker",0,389
"ACHIEVEMENT_INFO_1644","シーカーのジョブレベルが39になった","Reach level 39 as a Seeker",0,390
"ACHIEVEMENT_INFO_1645","シーカーのジョブレベルが40になった","Reach level 40 as a Seeker",0,391
"ACHIEVEMENT_INFO_1646","シーカーのジョブレベルが41になった","Reach level 41 as a Seeker",0,392
"ACHIEVEMENT_INFO_1647","シーカーのジョブレベルが42になった","Reach level 42 as a Seeker",0,393
"ACHIEVEMENT_INFO_1648","シーカーのジョブレベルが43になった","Reach level 43 as a Seeker",0,394
"ACHIEVEMENT_INFO_1649","シーカーのジョブレベルが44になった","Reach level 44 as a Seeker",0,395
"ACHIEVEMENT_INFO_1650","シーカーのジョブレベルが45になった","Reach level 45 as a Seeker",0,396
"ACHIEVEMENT_INFO_1651","シーカーのジョブレベルが46になった","Reach level 46 as a Seeker",0,397
"ACHIEVEMENT_INFO_1652","シーカーのジョブレベルが47になった","Reach level 47 as a Seeker",0,398
"ACHIEVEMENT_INFO_1653","シーカーのジョブレベルが48になった","Reach level 48 as a Seeker",0,399
"ACHIEVEMENT_INFO_1654","シーカーのジョブレベルが49になった","Reach level 49 as a Seeker",0,400
"ACHIEVEMENT_INFO_1655","シーカーのジョブレベルが50になった","Reach level 50 as a Seeker",0,401
"ACHIEVEMENT_INFO_1656","シーカーのジョブレベルが51になった","Reach level 51 as a Seeker",0,402
"ACHIEVEMENT_INFO_1657","シーカーのジョブレベルが52になった","Reach level 52 as a Seeker",0,403
"ACHIEVEMENT_INFO_1658","シーカーのジョブレベルが53になった","Reach level 53 as a Seeker",0,404
"ACHIEVEMENT_INFO_1659","シーカーのジョブレベルが54になった","Reach level 54 as a Seeker",0,405
"ACHIEVEMENT_INFO_1660","シーカーのジョブレベルが55になった","Reach level 55 as a Seeker",0,406
"ACHIEVEMENT_INFO_1661","シーカーのジョブレベルが56になった","Reach level 56 as a Seeker",0,407
"ACHIEVEMENT_INFO_1662","シーカーのジョブレベルが57になった","Reach level 57 as a Seeker",0,408
"ACHIEVEMENT_INFO_1663","シーカーのジョブレベルが58になった","Reach level 58 as a Seeker",0,409
"ACHIEVEMENT_INFO_1664","シーカーのジョブレベルが59になった","Reach level 59 as a Seeker",0,410
"ACHIEVEMENT_INFO_1665","シーカーのジョブレベルが60になった","Reach level 60 as a Seeker",0,411
"ACHIEVEMENT_INFO_1371","ハンターのジョブレベルが2になった","Reach level 2 as a Hunter",0,412
"ACHIEVEMENT_INFO_1372","ハンターのジョブレベルが3になった","Reach level 3 as a Hunter",0,413
"ACHIEVEMENT_INFO_1373","ハンターのジョブレベルが4になった","Reach level 4 as a Hunter",0,414
"ACHIEVEMENT_INFO_1374","ハンターのジョブレベルが5になった","Reach level 5 as a Hunter",0,415
"ACHIEVEMENT_INFO_1375","ハンターのジョブレベルが6になった","Reach level 6 as a Hunter",0,416
"ACHIEVEMENT_INFO_1376","ハンターのジョブレベルが7になった","Reach level 7 as a Hunter",0,417
"ACHIEVEMENT_INFO_1377","ハンターのジョブレベルが8になった","Reach level 8 as a Hunter",0,418
"ACHIEVEMENT_INFO_1378","ハンターのジョブレベルが9になった","Reach level 9 as a Hunter",0,419
"ACHIEVEMENT_INFO_1379","ハンターのジョブレベルが10になった","Reach level 10 as a Hunter",0,420
"ACHIEVEMENT_INFO_1380","ハンターのジョブレベルが11になった","Reach level 11 as a Hunter",0,421
"ACHIEVEMENT_INFO_1381","ハンターのジョブレベルが12になった","Reach level 12 as a Hunter",0,422
"ACHIEVEMENT_INFO_1382","ハンターのジョブレベルが13になった","Reach level 13 as a Hunter",0,423
"ACHIEVEMENT_INFO_1383","ハンターのジョブレベルが14になった","Reach level 14 as a Hunter",0,424
"ACHIEVEMENT_INFO_1384","ハンターのジョブレベルが15になった","Reach level 15 as a Hunter",0,425
"ACHIEVEMENT_INFO_1385","ハンターのジョブレベルが16になった","Reach level 16 as a Hunter",0,426
"ACHIEVEMENT_INFO_1386","ハンターのジョブレベルが17になった","Reach level 17 as a Hunter",0,427
"ACHIEVEMENT_INFO_1387","ハンターのジョブレベルが18になった","Reach level 18 as a Hunter",0,428
"ACHIEVEMENT_INFO_1388","ハンターのジョブレベルが19になった","Reach level 19 as a Hunter",0,429
"ACHIEVEMENT_INFO_1389","ハンターのジョブレベルが20になった","Reach level 20 as a Hunter",0,430
"ACHIEVEMENT_INFO_1390","ハンターのジョブレベルが21になった","Reach level 21 as a Hunter",0,431
"ACHIEVEMENT_INFO_1391","ハンターのジョブレベルが22になった","Reach level 22 as a Hunter",0,432
"ACHIEVEMENT_INFO_1392","ハンターのジョブレベルが23になった","Reach level 23 as a Hunter",0,433
"ACHIEVEMENT_INFO_1393","ハンターのジョブレベルが24になった","Reach level 24 as a Hunter",0,434
"ACHIEVEMENT_INFO_1394","ハンターのジョブレベルが25になった","Reach level 25 as a Hunter",0,435
"ACHIEVEMENT_INFO_1395","ハンターのジョブレベルが26になった","Reach level 26 as a Hunter",0,436
"ACHIEVEMENT_INFO_1396","ハンターのジョブレベルが27になった","Reach level 27 as a Hunter",0,437
"ACHIEVEMENT_INFO_1397","ハンターのジョブレベルが28になった","Reach level 28 as a Hunter",0,438
"ACHIEVEMENT_INFO_1398","ハンターのジョブレベルが29になった","Reach level 29 as a Hunter",0,439
"ACHIEVEMENT_INFO_1399","ハンターのジョブレベルが30になった","Reach level 30 as a Hunter",0,440
"ACHIEVEMENT_INFO_1400","ハンターのジョブレベルが31になった","Reach level 31 as a Hunter",0,441
"ACHIEVEMENT_INFO_1401","ハンターのジョブレベルが32になった","Reach level 32 as a Hunter",0,442
"ACHIEVEMENT_INFO_1402","ハンターのジョブレベルが33になった","Reach level 33 as a Hunter",0,443
"ACHIEVEMENT_INFO_1403","ハンターのジョブレベルが34になった","Reach level 34 as a Hunter",0,444
"ACHIEVEMENT_INFO_1404","ハンターのジョブレベルが35になった","Reach level 35 as a Hunter",0,445
"ACHIEVEMENT_INFO_1405","ハンターのジョブレベルが36になった","Reach level 36 as a Hunter",0,446
"ACHIEVEMENT_INFO_1406","ハンターのジョブレベルが37になった","Reach level 37 as a Hunter",0,447
"ACHIEVEMENT_INFO_1407","ハンターのジョブレベルが38になった","Reach level 38 as a Hunter",0,448
"ACHIEVEMENT_INFO_1408","ハンターのジョブレベルが39になった","Reach level 39 as a Hunter",0,449
"ACHIEVEMENT_INFO_1409","ハンターのジョブレベルが40になった","Reach level 40 as a Hunter",0,450
"ACHIEVEMENT_INFO_1410","ハンターのジョブレベルが41になった","Reach level 41 as a Hunter",0,451
"ACHIEVEMENT_INFO_1411","ハンターのジョブレベルが42になった","Reach level 42 as a Hunter",0,452
"ACHIEVEMENT_INFO_1412","ハンターのジョブレベルが43になった","Reach level 43 as a Hunter",0,453
"ACHIEVEMENT_INFO_1413","ハンターのジョブレベルが44になった","Reach level 44 as a Hunter",0,454
"ACHIEVEMENT_INFO_1414","ハンターのジョブレベルが45になった","Reach level 45 as a Hunter",0,455
"ACHIEVEMENT_INFO_1415","ハンターのジョブレベルが46になった","Reach level 46 as a Hunter",0,456
"ACHIEVEMENT_INFO_1416","ハンターのジョブレベルが47になった","Reach level 47 as a Hunter",0,457
"ACHIEVEMENT_INFO_1417","ハンターのジョブレベルが48になった","Reach level 48 as a Hunter",0,458
"ACHIEVEMENT_INFO_1418","ハンターのジョブレベルが49になった","Reach level 49 as a Hunter",0,459
"ACHIEVEMENT_INFO_1419","ハンターのジョブレベルが50になった","Reach level 50 as a Hunter",0,460
"ACHIEVEMENT_INFO_1420","ハンターのジョブレベルが51になった","Reach level 51 as a Hunter",0,461
"ACHIEVEMENT_INFO_1421","ハンターのジョブレベルが52になった","Reach level 52 as a Hunter",0,462
"ACHIEVEMENT_INFO_1422","ハンターのジョブレベルが53になった","Reach level 53 as a Hunter",0,463
"ACHIEVEMENT_INFO_1423","ハンターのジョブレベルが54になった","Reach level 54 as a Hunter",0,464
"ACHIEVEMENT_INFO_1424","ハンターのジョブレベルが55になった","Reach level 55 as a Hunter",0,465
"ACHIEVEMENT_INFO_1425","ハンターのジョブレベルが56になった","Reach level 56 as a Hunter",0,466
"ACHIEVEMENT_INFO_1426","ハンターのジョブレベルが57になった","Reach level 57 as a Hunter",0,467
"ACHIEVEMENT_INFO_1427","ハンターのジョブレベルが58になった","Reach level 58 as a Hunter",0,468
"ACHIEVEMENT_INFO_1428","ハンターのジョブレベルが59になった","Reach level 59 as a Hunter",0,469
"ACHIEVEMENT_INFO_1429","ハンターのジョブレベルが60になった","Reach level 60 as a Hunter",0,470
"ACHIEVEMENT_INFO_1430","プリーストのジョブレベルが2になった","Reach level 2 as a Priest",0,471
"ACHIEVEMENT_INFO_1431","プリーストのジョブレベルが3になった","Reach level 3 as a Priest",0,472
"ACHIEVEMENT_INFO_1432","プリーストのジョブレベルが4になった","Reach level 4 as a Priest",0,473
"ACHIEVEMENT_INFO_1433","プリーストのジョブレベルが5になった","Reach level 5 as a Priest",0,474
"ACHIEVEMENT_INFO_1434","プリーストのジョブレベルが6になった","Reach level 6 as a Priest",0,475
"ACHIEVEMENT_INFO_1435","プリーストのジョブレベルが7になった","Reach level 7 as a Priest",0,476
"ACHIEVEMENT_INFO_1436","プリーストのジョブレベルが8になった","Reach level 8 as a Priest",0,477
"ACHIEVEMENT_INFO_1437","プリーストのジョブレベルが9になった","Reach level 9 as a Priest",0,478
"ACHIEVEMENT_INFO_1438","プリーストのジョブレベルが10になった","Reach level 10 as a Priest",0,479
"ACHIEVEMENT_INFO_1439","プリーストのジョブレベルが11になった","Reach level 11 as a Priest",0,480
"ACHIEVEMENT_INFO_1440","プリーストのジョブレベルが12になった","Reach level 12 as a Priest",0,481
"ACHIEVEMENT_INFO_1441","プリーストのジョブレベルが13になった","Reach level 13 as a Priest",0,482
"ACHIEVEMENT_INFO_1442","プリーストのジョブレベルが14になった","Reach level 14 as a Priest",0,483
"ACHIEVEMENT_INFO_1443","プリーストのジョブレベルが15になった","Reach level 15 as a Priest",0,484
"ACHIEVEMENT_INFO_1444","プリーストのジョブレベルが16になった","Reach level 16 as a Priest",0,485
"ACHIEVEMENT_INFO_1445","プリーストのジョブレベルが17になった","Reach level 17 as a Priest",0,486
"ACHIEVEMENT_INFO_1446","プリーストのジョブレベルが18になった","Reach level 18 as a Priest",0,487
"ACHIEVEMENT_INFO_1447","プリーストのジョブレベルが19になった","Reach level 19 as a Priest",0,488
"ACHIEVEMENT_INFO_1448","プリーストのジョブレベルが20になった","Reach level 20 as a Priest",0,489
"ACHIEVEMENT_INFO_1449","プリーストのジョブレベルが21になった","Reach level 21 as a Priest",0,490
"ACHIEVEMENT_INFO_1450","プリーストのジョブレベルが22になった","Reach level 22 as a Priest",0,491
"ACHIEVEMENT_INFO_1451","プリーストのジョブレベルが23になった","Reach level 23 as a Priest",0,492
"ACHIEVEMENT_INFO_1452","プリーストのジョブレベルが24になった","Reach level 24 as a Priest",0,493
"ACHIEVEMENT_INFO_1453","プリーストのジョブレベルが25になった","Reach level 25 as a Priest",0,494
"ACHIEVEMENT_INFO_1454","プリーストのジョブレベルが26になった","Reach level 26 as a Priest",0,495
"ACHIEVEMENT_INFO_1455","プリーストのジョブレベルが27になった","Reach level 27 as a Priest",0,496
"ACHIEVEMENT_INFO_1456","プリーストのジョブレベルが28になった","Reach level 28 as a Priest",0,497
"ACHIEVEMENT_INFO_1457","プリーストのジョブレベルが29になった","Reach level 29 as a Priest",0,498
"ACHIEVEMENT_INFO_1458","プリーストのジョブレベルが30になった","Reach level 30 as a Priest",0,499
"ACHIEVEMENT_INFO_1459","プリーストのジョブレベルが31になった","Reach level 31 as a Priest",0,500
"ACHIEVEMENT_INFO_1460","プリーストのジョブレベルが32になった","Reach level 32 as a Priest",0,501
"ACHIEVEMENT_INFO_1461","プリーストのジョブレベルが33になった","Reach level 33 as a Priest",0,502
"ACHIEVEMENT_INFO_1462","プリーストのジョブレベルが34になった","Reach level 34 as a Priest",0,503
"ACHIEVEMENT_INFO_1463","プリーストのジョブレベルが35になった","Reach level 35 as a Priest",0,504
"ACHIEVEMENT_INFO_1464","プリーストのジョブレベルが36になった","Reach level 36 as a Priest",0,505
"ACHIEVEMENT_INFO_1465","プリーストのジョブレベルが37になった","Reach level 37 as a Priest",0,506
"ACHIEVEMENT_INFO_1466","プリーストのジョブレベルが38になった","Reach level 38 as a Priest",0,507
"ACHIEVEMENT_INFO_1467","プリーストのジョブレベルが39になった","Reach level 39 as a Priest",0,508
"ACHIEVEMENT_INFO_1468","プリーストのジョブレベルが40になった","Reach level 40 as a Priest",0,509
"ACHIEVEMENT_INFO_1469","プリーストのジョブレベルが41になった","Reach level 41 as a Priest",0,510
"ACHIEVEMENT_INFO_1470","プリーストのジョブレベルが42になった","Reach level 42 as a Priest",0,511
"ACHIEVEMENT_INFO_1471","プリーストのジョブレベルが43になった","Reach level 43 as a Priest",0,512
"ACHIEVEMENT_INFO_1472","プリーストのジョブレベルが44になった","Reach level 44 as a Priest",0,513
"ACHIEVEMENT_INFO_1473","プリーストのジョブレベルが45になった","Reach level 45 as a Priest",0,514
"ACHIEVEMENT_INFO_1474","プリーストのジョブレベルが46になった","Reach level 46 as a Priest",0,515
"ACHIEVEMENT_INFO_1475","プリーストのジョブレベルが47になった","Reach level 47 as a Priest",0,516
"ACHIEVEMENT_INFO_1476","プリーストのジョブレベルが48になった","Reach level 48 as a Priest",0,517
"ACHIEVEMENT_INFO_1477","プリーストのジョブレベルが49になった","Reach level 49 as a Priest",0,518
"ACHIEVEMENT_INFO_1478","プリーストのジョブレベルが50になった","Reach level 50 as a Priest",0,519
"ACHIEVEMENT_INFO_1479","プリーストのジョブレベルが51になった","Reach level 51 as a Priest",0,520
"ACHIEVEMENT_INFO_1480","プリーストのジョブレベルが52になった","Reach level 52 as a Priest",0,521
"ACHIEVEMENT_INFO_1481","プリーストのジョブレベルが53になった","Reach level 53 as a Priest",0,522
"ACHIEVEMENT_INFO_1482","プリーストのジョブレベルが54になった","Reach level 54 as a Priest",0,523
"ACHIEVEMENT_INFO_1483","プリーストのジョブレベルが55になった","Reach level 55 as a Priest",0,524
"ACHIEVEMENT_INFO_1484","プリーストのジョブレベルが56になった","Reach level 56 as a Priest",0,525
"ACHIEVEMENT_INFO_1485","プリーストのジョブレベルが57になった","Reach level 57 as a Priest",0,526
"ACHIEVEMENT_INFO_1486","プリーストのジョブレベルが58になった","Reach level 58 as a Priest",0,527
"ACHIEVEMENT_INFO_1487","プリーストのジョブレベルが59になった","Reach level 59 as a Priest",0,528
"ACHIEVEMENT_INFO_1488","プリーストのジョブレベルが60になった","Reach level 60 as a Priest",0,529
"ACHIEVEMENT_INFO_1489","シールドセージのジョブレベルが2になった","Reach level 2 as a Shield Sage",0,530
"ACHIEVEMENT_INFO_1490","シールドセージのジョブレベルが3になった","Reach level 3 as a Shield Sage",0,531
"ACHIEVEMENT_INFO_1491","シールドセージのジョブレベルが4になった","Reach level 4 as a Shield Sage",0,532
"ACHIEVEMENT_INFO_1492","シールドセージのジョブレベルが5になった","Reach level 5 as a Shield Sage",0,533
"ACHIEVEMENT_INFO_1493","シールドセージのジョブレベルが6になった","Reach level 6 as a Shield Sage",0,534
"ACHIEVEMENT_INFO_1494","シールドセージのジョブレベルが7になった","Reach level 7 as a Shield Sage",0,535
"ACHIEVEMENT_INFO_1495","シールドセージのジョブレベルが8になった","Reach level 8 as a Shield Sage",0,536
"ACHIEVEMENT_INFO_1496","シールドセージのジョブレベルが9になった","Reach level 9 as a Shield Sage",0,537
"ACHIEVEMENT_INFO_1497","シールドセージのジョブレベルが10になった","Reach level 10 as a Shield Sage",0,538
"ACHIEVEMENT_INFO_1498","シールドセージのジョブレベルが11になった","Reach level 11 as a Shield Sage",0,539
"ACHIEVEMENT_INFO_1499","シールドセージのジョブレベルが12になった","Reach level 12 as a Shield Sage",0,540
"ACHIEVEMENT_INFO_1500","シールドセージのジョブレベルが13になった","Reach level 13 as a Shield Sage",0,541
"ACHIEVEMENT_INFO_1501","シールドセージのジョブレベルが14になった","Reach level 14 as a Shield Sage",0,542
"ACHIEVEMENT_INFO_1502","シールドセージのジョブレベルが15になった","Reach level 15 as a Shield Sage",0,543
"ACHIEVEMENT_INFO_1503","シールドセージのジョブレベルが16になった","Reach level 16 as a Shield Sage",0,544
"ACHIEVEMENT_INFO_1504","シールドセージのジョブレベルが17になった","Reach level 17 as a Shield Sage",0,545
"ACHIEVEMENT_INFO_1505","シールドセージのジョブレベルが18になった","Reach level 18 as a Shield Sage",0,546
"ACHIEVEMENT_INFO_1506","シールドセージのジョブレベルが19になった","Reach level 19 as a Shield Sage",0,547
"ACHIEVEMENT_INFO_1507","シールドセージのジョブレベルが20になった","Reach level 20 as a Shield Sage",0,548
"ACHIEVEMENT_INFO_1508","シールドセージのジョブレベルが21になった","Reach level 21 as a Shield Sage",0,549
"ACHIEVEMENT_INFO_1509","シールドセージのジョブレベルが22になった","Reach level 22 as a Shield Sage",0,550
"ACHIEVEMENT_INFO_1510","シールドセージのジョブレベルが23になった","Reach level 23 as a Shield Sage",0,551
"ACHIEVEMENT_INFO_1511","シールドセージのジョブレベルが24になった","Reach level 24 as a Shield Sage",0,552
"ACHIEVEMENT_INFO_1512","シールドセージのジョブレベルが25になった","Reach level 25 as a Shield Sage",0,553
"ACHIEVEMENT_INFO_1513","シールドセージのジョブレベルが26になった","Reach level 26 as a Shield Sage",0,554
"ACHIEVEMENT_INFO_1514","シールドセージのジョブレベルが27になった","Reach level 27 as a Shield Sage",0,555
"ACHIEVEMENT_INFO_1515","シールドセージのジョブレベルが28になった","Reach level 28 as a Shield Sage",0,556
"ACHIEVEMENT_INFO_1516","シールドセージのジョブレベルが29になった","Reach level 29 as a Shield Sage",0,557
"ACHIEVEMENT_INFO_1517","シールドセージのジョブレベルが30になった","Reach level 30 as a Shield Sage",0,558
"ACHIEVEMENT_INFO_1518","シールドセージのジョブレベルが31になった","Reach level 31 as a Shield Sage",0,559
"ACHIEVEMENT_INFO_1519","シールドセージのジョブレベルが32になった","Reach level 32 as a Shield Sage",0,560
"ACHIEVEMENT_INFO_1520","シールドセージのジョブレベルが33になった","Reach level 33 as a Shield Sage",0,561
"ACHIEVEMENT_INFO_1521","シールドセージのジョブレベルが34になった","Reach level 34 as a Shield Sage",0,562
"ACHIEVEMENT_INFO_1522","シールドセージのジョブレベルが35になった","Reach level 35 as a Shield Sage",0,563
"ACHIEVEMENT_INFO_1523","シールドセージのジョブレベルが36になった","Reach level 36 as a Shield Sage",0,564
"ACHIEVEMENT_INFO_1524","シールドセージのジョブレベルが37になった","Reach level 37 as a Shield Sage",0,565
"ACHIEVEMENT_INFO_1525","シールドセージのジョブレベルが38になった","Reach level 38 as a Shield Sage",0,566
"ACHIEVEMENT_INFO_1526","シールドセージのジョブレベルが39になった","Reach level 39 as a Shield Sage",0,567
"ACHIEVEMENT_INFO_1527","シールドセージのジョブレベルが40になった","Reach level 40 as a Shield Sage",0,568
"ACHIEVEMENT_INFO_1528","シールドセージのジョブレベルが41になった","Reach level 41 as a Shield Sage",0,569
"ACHIEVEMENT_INFO_1529","シールドセージのジョブレベルが42になった","Reach level 42 as a Shield Sage",0,570
"ACHIEVEMENT_INFO_1530","シールドセージのジョブレベルが43になった","Reach level 43 as a Shield Sage",0,571
"ACHIEVEMENT_INFO_1531","シールドセージのジョブレベルが44になった","Reach level 44 as a Shield Sage",0,572
"ACHIEVEMENT_INFO_1532","シールドセージのジョブレベルが45になった","Reach level 45 as a Shield Sage",0,573
"ACHIEVEMENT_INFO_1533","シールドセージのジョブレベルが46になった","Reach level 46 as a Shield Sage",0,574
"ACHIEVEMENT_INFO_1534","シールドセージのジョブレベルが47になった","Reach level 47 as a Shield Sage",0,575
"ACHIEVEMENT_INFO_1535","シールドセージのジョブレベルが48になった","Reach level 48 as a Shield Sage",0,576
"ACHIEVEMENT_INFO_1536","シールドセージのジョブレベルが49になった","Reach level 49 as a Shield Sage",0,577
"ACHIEVEMENT_INFO_1537","シールドセージのジョブレベルが50になった","Reach level 50 as a Shield Sage",0,578
"ACHIEVEMENT_INFO_1538","シールドセージのジョブレベルが51になった","Reach level 51 as a Shield Sage",0,579
"ACHIEVEMENT_INFO_1539","シールドセージのジョブレベルが52になった","Reach level 52 as a Shield Sage",0,580
"ACHIEVEMENT_INFO_1540","シールドセージのジョブレベルが53になった","Reach level 53 as a Shield Sage",0,581
"ACHIEVEMENT_INFO_1541","シールドセージのジョブレベルが54になった","Reach level 54 as a Shield Sage",0,582
"ACHIEVEMENT_INFO_1542","シールドセージのジョブレベルが55になった","Reach level 55 as a Shield Sage",0,583
"ACHIEVEMENT_INFO_1543","シールドセージのジョブレベルが56になった","Reach level 56 as a Shield Sage",0,584
"ACHIEVEMENT_INFO_1544","シールドセージのジョブレベルが57になった","Reach level 57 as a Shield Sage",0,585
"ACHIEVEMENT_INFO_1545","シールドセージのジョブレベルが58になった","Reach level 58 as a Shield Sage",0,586
"ACHIEVEMENT_INFO_1546","シールドセージのジョブレベルが59になった","Reach level 59 as a Shield Sage",0,587
"ACHIEVEMENT_INFO_1547","シールドセージのジョブレベルが60になった","Reach level 60 as a Shield Sage",0,588
"ACHIEVEMENT_INFO_1548","ソーサラーのジョブレベルが2になった","Reach level 2 as a Sorcerer",0,589
"ACHIEVEMENT_INFO_1549","ソーサラーのジョブレベルが3になった","Reach level 3 as a Sorcerer",0,590
"ACHIEVEMENT_INFO_1550","ソーサラーのジョブレベルが4になった","Reach level 4 as a Sorcerer",0,591
"ACHIEVEMENT_INFO_1551","ソーサラーのジョブレベルが5になった","Reach level 5 as a Sorcerer",0,592
"ACHIEVEMENT_INFO_1552","ソーサラーのジョブレベルが6になった","Reach level 6 as a Sorcerer",0,593
"ACHIEVEMENT_INFO_1553","ソーサラーのジョブレベルが7になった","Reach level 7 as a Sorcerer",0,594
"ACHIEVEMENT_INFO_1554","ソーサラーのジョブレベルが8になった","Reach level 8 as a Sorcerer",0,595
"ACHIEVEMENT_INFO_1555","ソーサラーのジョブレベルが9になった","Reach level 9 as a Sorcerer",0,596
"ACHIEVEMENT_INFO_1556","ソーサラーのジョブレベルが10になった","Reach level 10 as a Sorcerer",0,597
"ACHIEVEMENT_INFO_1557","ソーサラーのジョブレベルが11になった","Reach level 11 as a Sorcerer",0,598
"ACHIEVEMENT_INFO_1558","ソーサラーのジョブレベルが12になった","Reach level 12 as a Sorcerer",0,599
"ACHIEVEMENT_INFO_1559","ソーサラーのジョブレベルが13になった","Reach level 13 as a Sorcerer",0,600
"ACHIEVEMENT_INFO_1560","ソーサラーのジョブレベルが14になった","Reach level 14 as a Sorcerer",0,601
"ACHIEVEMENT_INFO_1561","ソーサラーのジョブレベルが15になった","Reach level 15 as a Sorcerer",0,602
"ACHIEVEMENT_INFO_1562","ソーサラーのジョブレベルが16になった","Reach level 16 as a Sorcerer",0,603
"ACHIEVEMENT_INFO_1563","ソーサラーのジョブレベルが17になった","Reach level 17 as a Sorcerer",0,604
"ACHIEVEMENT_INFO_1564","ソーサラーのジョブレベルが18になった","Reach level 18 as a Sorcerer",0,605
"ACHIEVEMENT_INFO_1565","ソーサラーのジョブレベルが19になった","Reach level 19 as a Sorcerer",0,606
"ACHIEVEMENT_INFO_1566","ソーサラーのジョブレベルが20になった","Reach level 20 as a Sorcerer",0,607
"ACHIEVEMENT_INFO_1567","ソーサラーのジョブレベルが21になった","Reach level 21 as a Sorcerer",0,608
"ACHIEVEMENT_INFO_1568","ソーサラーのジョブレベルが22になった","Reach level 22 as a Sorcerer",0,609
"ACHIEVEMENT_INFO_1569","ソーサラーのジョブレベルが23になった","Reach level 23 as a Sorcerer",0,610
"ACHIEVEMENT_INFO_1570","ソーサラーのジョブレベルが24になった","Reach level 24 as a Sorcerer",0,611
"ACHIEVEMENT_INFO_1571","ソーサラーのジョブレベルが25になった","Reach level 25 as a Sorcerer",0,612
"ACHIEVEMENT_INFO_1572","ソーサラーのジョブレベルが26になった","Reach level 26 as a Sorcerer",0,613
"ACHIEVEMENT_INFO_1573","ソーサラーのジョブレベルが27になった","Reach level 27 as a Sorcerer",0,614
"ACHIEVEMENT_INFO_1574","ソーサラーのジョブレベルが28になった","Reach level 28 as a Sorcerer",0,615
"ACHIEVEMENT_INFO_1575","ソーサラーのジョブレベルが29になった","Reach level 29 as a Sorcerer",0,616
"ACHIEVEMENT_INFO_1576","ソーサラーのジョブレベルが30になった","Reach level 30 as a Sorcerer",0,617
"ACHIEVEMENT_INFO_1577","ソーサラーのジョブレベルが31になった","Reach level 31 as a Sorcerer",0,618
"ACHIEVEMENT_INFO_1578","ソーサラーのジョブレベルが32になった","Reach level 32 as a Sorcerer",0,619
"ACHIEVEMENT_INFO_1579","ソーサラーのジョブレベルが33になった","Reach level 33 as a Sorcerer",0,620
"ACHIEVEMENT_INFO_1580","ソーサラーのジョブレベルが34になった","Reach level 34 as a Sorcerer",0,621
"ACHIEVEMENT_INFO_1581","ソーサラーのジョブレベルが35になった","Reach level 35 as a Sorcerer",0,622
"ACHIEVEMENT_INFO_1582","ソーサラーのジョブレベルが36になった","Reach level 36 as a Sorcerer",0,623
"ACHIEVEMENT_INFO_1583","ソーサラーのジョブレベルが37になった","Reach level 37 as a Sorcerer",0,624
"ACHIEVEMENT_INFO_1584","ソーサラーのジョブレベルが38になった","Reach level 38 as a Sorcerer",0,625
"ACHIEVEMENT_INFO_1585","ソーサラーのジョブレベルが39になった","Reach level 39 as a Sorcerer",0,626
"ACHIEVEMENT_INFO_1586","ソーサラーのジョブレベルが40になった","Reach level 40 as a Sorcerer",0,627
"ACHIEVEMENT_INFO_1587","ソーサラーのジョブレベルが41になった","Reach level 41 as a Sorcerer",0,628
"ACHIEVEMENT_INFO_1588","ソーサラーのジョブレベルが42になった","Reach level 42 as a Sorcerer",0,629
"ACHIEVEMENT_INFO_1589","ソーサラーのジョブレベルが43になった","Reach level 43 as a Sorcerer",0,630
"ACHIEVEMENT_INFO_1590","ソーサラーのジョブレベルが44になった","Reach level 44 as a Sorcerer",0,631
"ACHIEVEMENT_INFO_1591","ソーサラーのジョブレベルが45になった","Reach level 45 as a Sorcerer",0,632
"ACHIEVEMENT_INFO_1592","ソーサラーのジョブレベルが46になった","Reach level 46 as a Sorcerer",0,633
"ACHIEVEMENT_INFO_1593","ソーサラーのジョブレベルが47になった","Reach level 47 as a Sorcerer",0,634
"ACHIEVEMENT_INFO_1594","ソーサラーのジョブレベルが48になった","Reach level 48 as a Sorcerer",0,635
"ACHIEVEMENT_INFO_1595","ソーサラーのジョブレベルが49になった","Reach level 49 as a Sorcerer",0,636
"ACHIEVEMENT_INFO_1596","ソーサラーのジョブレベルが50になった","Reach level 50 as a Sorcerer",0,637
"ACHIEVEMENT_INFO_1597","ソーサラーのジョブレベルが51になった","Reach level 51 as a Sorcerer",0,638
"ACHIEVEMENT_INFO_1598","ソーサラーのジョブレベルが52になった","Reach level 52 as a Sorcerer",0,639
"ACHIEVEMENT_INFO_1599","ソーサラーのジョブレベルが53になった","Reach level 53 as a Sorcerer",0,640
"ACHIEVEMENT_INFO_1600","ソーサラーのジョブレベルが54になった","Reach level 54 as a Sorcerer",0,641
"ACHIEVEMENT_INFO_1601","ソーサラーのジョブレベルが55になった","Reach level 55 as a Sorcerer",0,642
"ACHIEVEMENT_INFO_1602","ソーサラーのジョブレベルが56になった","Reach level 56 as a Sorcerer",0,643
"ACHIEVEMENT_INFO_1603","ソーサラーのジョブレベルが57になった","Reach level 57 as a Sorcerer",0,644
"ACHIEVEMENT_INFO_1604","ソーサラーのジョブレベルが58になった","Reach level 58 as a Sorcerer",0,645
"ACHIEVEMENT_INFO_1605","ソーサラーのジョブレベルが59になった","Reach level 59 as a Sorcerer",0,646
"ACHIEVEMENT_INFO_1606","ソーサラーのジョブレベルが60になった","Reach level 60 as a Sorcerer",0,647
"ACHIEVEMENT_INFO_1666","エレメントアーチャーのジョブレベルが2になった","Reach level 2 as an Element Archer",0,648
"ACHIEVEMENT_INFO_1667","エレメントアーチャーのジョブレベルが3になった","Reach level 3 as an Element Archer",0,649
"ACHIEVEMENT_INFO_1668","エレメントアーチャーのジョブレベルが4になった","Reach level 4 as an Element Archer",0,650
"ACHIEVEMENT_INFO_1669","エレメントアーチャーのジョブレベルが5になった","Reach level 5 as an Element Archer",0,651
"ACHIEVEMENT_INFO_1670","エレメントアーチャーのジョブレベルが6になった","Reach level 6 as an Element Archer",0,652
"ACHIEVEMENT_INFO_1671","エレメントアーチャーのジョブレベルが7になった","Reach level 7 as an Element Archer",0,653
"ACHIEVEMENT_INFO_1672","エレメントアーチャーのジョブレベルが8になった","Reach level 8 as an Element Archer",0,654
"ACHIEVEMENT_INFO_1673","エレメントアーチャーのジョブレベルが9になった","Reach level 9 as an Element Archer",0,655
"ACHIEVEMENT_INFO_1674","エレメントアーチャーのジョブレベルが10になった","Reach level 10 as an Element Archer",0,656
"ACHIEVEMENT_INFO_1675","エレメントアーチャーのジョブレベルが11になった","Reach level 11 as an Element Archer",0,657
"ACHIEVEMENT_INFO_1676","エレメントアーチャーのジョブレベルが12になった","Reach level 12 as an Element Archer",0,658
"ACHIEVEMENT_INFO_1677","エレメントアーチャーのジョブレベルが13になった","Reach level 13 as an Element Archer",0,659
"ACHIEVEMENT_INFO_1678","エレメントアーチャーのジョブレベルが14になった","Reach level 14 as an Element Archer",0,660
"ACHIEVEMENT_INFO_1679","エレメントアーチャーのジョブレベルが15になった","Reach level 15 as an Element Archer",0,661
"ACHIEVEMENT_INFO_1680","エレメントアーチャーのジョブレベルが16になった","Reach level 16 as an Element Archer",0,662
"ACHIEVEMENT_INFO_1681","エレメントアーチャーのジョブレベルが17になった","Reach level 17 as an Element Archer",0,663
"ACHIEVEMENT_INFO_1682","エレメントアーチャーのジョブレベルが18になった","Reach level 18 as an Element Archer",0,664
"ACHIEVEMENT_INFO_1683","エレメントアーチャーのジョブレベルが19になった","Reach level 19 as an Element Archer",0,665
"ACHIEVEMENT_INFO_1684","エレメントアーチャーのジョブレベルが20になった","Reach level 20 as an Element Archer",0,666
"ACHIEVEMENT_INFO_1685","エレメントアーチャーのジョブレベルが21になった","Reach level 21 as an Element Archer",0,667
"ACHIEVEMENT_INFO_1686","エレメントアーチャーのジョブレベルが22になった","Reach level 22 as an Element Archer",0,668
"ACHIEVEMENT_INFO_1687","エレメントアーチャーのジョブレベルが23になった","Reach level 23 as an Element Archer",0,669
"ACHIEVEMENT_INFO_1688","エレメントアーチャーのジョブレベルが24になった","Reach level 24 as an Element Archer",0,670
"ACHIEVEMENT_INFO_1689","エレメントアーチャーのジョブレベルが25になった","Reach level 25 as an Element Archer",0,671
"ACHIEVEMENT_INFO_1690","エレメントアーチャーのジョブレベルが26になった","Reach level 26 as an Element Archer",0,672
"ACHIEVEMENT_INFO_1691","エレメントアーチャーのジョブレベルが27になった","Reach level 27 as an Element Archer",0,673
"ACHIEVEMENT_INFO_1692","エレメントアーチャーのジョブレベルが28になった","Reach level 28 as an Element Archer",0,674
"ACHIEVEMENT_INFO_1693","エレメントアーチャーのジョブレベルが29になった","Reach level 29 as an Element Archer",0,675
"ACHIEVEMENT_INFO_1694","エレメントアーチャーのジョブレベルが30になった","Reach level 30 as an Element Archer",0,676
"ACHIEVEMENT_INFO_1695","エレメントアーチャーのジョブレベルが31になった","Reach level 31 as an Element Archer",0,677
"ACHIEVEMENT_INFO_1696","エレメントアーチャーのジョブレベルが32になった","Reach level 32 as an Element Archer",0,678
"ACHIEVEMENT_INFO_1697","エレメントアーチャーのジョブレベルが33になった","Reach level 33 as an Element Archer",0,679
"ACHIEVEMENT_INFO_1698","エレメントアーチャーのジョブレベルが34になった","Reach level 34 as an Element Archer",0,680
"ACHIEVEMENT_INFO_1699","エレメントアーチャーのジョブレベルが35になった","Reach level 35 as an Element Archer",0,681
"ACHIEVEMENT_INFO_1700","エレメントアーチャーのジョブレベルが36になった","Reach level 36 as an Element Archer",0,682
"ACHIEVEMENT_INFO_1701","エレメントアーチャーのジョブレベルが37になった","Reach level 37 as an Element Archer",0,683
"ACHIEVEMENT_INFO_1702","エレメントアーチャーのジョブレベルが38になった","Reach level 38 as an Element Archer",0,684
"ACHIEVEMENT_INFO_1703","エレメントアーチャーのジョブレベルが39になった","Reach level 39 as an Element Archer",0,685
"ACHIEVEMENT_INFO_1704","エレメントアーチャーのジョブレベルが40になった","Reach level 40 as an Element Archer",0,686
"ACHIEVEMENT_INFO_1705","エレメントアーチャーのジョブレベルが41になった","Reach level 41 as an Element Archer",0,687
"ACHIEVEMENT_INFO_1706","エレメントアーチャーのジョブレベルが42になった","Reach level 42 as an Element Archer",0,688
"ACHIEVEMENT_INFO_1707","エレメントアーチャーのジョブレベルが43になった","Reach level 43 as an Element Archer",0,689
"ACHIEVEMENT_INFO_1708","エレメントアーチャーのジョブレベルが44になった","Reach level 44 as an Element Archer",0,690
"ACHIEVEMENT_INFO_1709","エレメントアーチャーのジョブレベルが45になった","Reach level 45 as an Element Archer",0,691
"ACHIEVEMENT_INFO_1710","エレメントアーチャーのジョブレベルが46になった","Reach level 46 as an Element Archer",0,692
"ACHIEVEMENT_INFO_1711","エレメントアーチャーのジョブレベルが47になった","Reach level 47 as an Element Archer",0,693
"ACHIEVEMENT_INFO_1712","エレメントアーチャーのジョブレベルが48になった","Reach level 48 as an Element Archer",0,694
"ACHIEVEMENT_INFO_1713","エレメントアーチャーのジョブレベルが49になった","Reach level 49 as an Element Archer",0,695
"ACHIEVEMENT_INFO_1714","エレメントアーチャーのジョブレベルが50になった","Reach level 50 as an Element Archer",0,696
"ACHIEVEMENT_INFO_1715","エレメントアーチャーのジョブレベルが51になった","Reach level 51 as an Element Archer",0,697
"ACHIEVEMENT_INFO_1716","エレメントアーチャーのジョブレベルが52になった","Reach level 52 as an Element Archer",0,698
"ACHIEVEMENT_INFO_1717","エレメントアーチャーのジョブレベルが53になった","Reach level 53 as an Element Archer",0,699
"ACHIEVEMENT_INFO_1718","エレメントアーチャーのジョブレベルが54になった","Reach level 54 as an Element Archer",0,700
"ACHIEVEMENT_INFO_1719","エレメントアーチャーのジョブレベルが55になった","Reach level 55 as an Element Archer",0,701
"ACHIEVEMENT_INFO_1720","エレメントアーチャーのジョブレベルが56になった","Reach level 56 as an Element Archer",0,702
"ACHIEVEMENT_INFO_1721","エレメントアーチャーのジョブレベルが57になった","Reach level 57 as an Element Archer",0,703
"ACHIEVEMENT_INFO_1722","エレメントアーチャーのジョブレベルが58になった","Reach level 58 as an Element Archer",0,704
"ACHIEVEMENT_INFO_1723","エレメントアーチャーのジョブレベルが59になった","Reach level 59 as an Element Archer",0,705
"ACHIEVEMENT_INFO_1724","エレメントアーチャーのジョブレベルが60になった","Reach level 60 as an Element Archer",0,706
